<?xml version="1.0" encoding="UTF-8" ?>

<!DOCTYPE mapper
		PUBLIC "-//mybatis.org//DTD Mapper 3.0//EN"
		"http://mybatis.org/dtd/mybatis-3-mapper.dtd">

<mapper namespace="PurchaseMapper">

	<resultMap type="purchase" id="purchaseSelectMap">
		<result property="tranNo" 				column="TRAN_NO"			jdbcType="INTEGER"/>
  		<result property="purchaseProd.prodNo" 	column="PROD_NO"			jdbcType="INTEGER"/>
  		<result property="buyer.userId" 		column="BUYER_ID"			jdbcType="VARCHAR"/>
  		<result property="paymentOption"		column="PAYMENT_OPTION"		jdbcType="CHAR"/>
  		<result property="receiverName" 		column="RECEIVER_NAME"		jdbcType="VARCHAR"/>
  		<result property="receiverPhone" 		column="RECEIVER_PHONE" 	jdbcType="VARCHAR"/>
  		<result property="divyAddr" 			column="DLVY_ADDR"			jdbcType="VARCHAR"/>
  		<result property="divyRequest" 			column="DLVY_REQUEST"		jdbcType="VARCHAR"/>
  		<result property="tranCode" 			column="TRAN_STATUS_CODE"	jdbcType="CHAR"/>
  		<result property="orderDate" 			column="ORDER_DATE"			jdbcType="DATE"/>
  		<result property="divyDate" 			column="DLVY_DATE"			jdbcType="DATE"/>
  	</resultMap>
  	
	<select id="getPurchase" parameterType="int" resultMap="purchaseSelectMap">
  		SELECT 
		prod_no, buyer_id, payment_option, receiver_name, receiver_phone, demailaddr, dlvy_request, dlvy_date, order_date, tran_status_code, tran_no
		FROM transaction
		WHERE tran_no = #{tranNo}
  	</select>
  	
	<insert id="addPurchase" parameterType="purchase">
		INSERT 
		INTO transaction(tran_no, prod_no, buyer_id, payment_option, receiver_name, receiver_phone, dlvy_addr, dlvy_request, tran_status_code, order_date, dlvy_date)
		VALUES (
					seq_transaction_tran_no.NEXTVAL,
					#{purchaseProd.prodNo:INTEGER},
					#{buyer.userId:VARCHAR},
					#{paymentOption:CHAR},
					#{receiverName:VARCHAR},
					#{receiverPhone:VARCHAR},
					#{divyAddr:VARCHAR},
					#{divyRequest:VARCHAR},
					#{tranCode:CHAR},
					SYSDATE,
					#{divyDate:DATE} )
	</insert>
  	
</mapper>





