<?xml version="1.0" encoding="UTF-8"?>

<beans xmlns="http://www.springframework.org/schema/beans"
		xmlns:context="http://www.springframework.org/schema/context"
		xmlns:aop="http://www.springframework.org/schema/aop"
		xmlns:xsi="http://www.w3.org/2001/XMLSchema-instance"
		xsi:schemaLocation="http://www.springframework.org/schema/beans 
							http://www.springframework.org/schema/beans/spring-beans.xsd
							
							http://www.springframework.org/schema/context
							http://www.springframework.org/schema/context/spring-context.xsd
							
							http://www.springframework.org/schema/aop
							http://www.springframework.org/schema/aop/spring-aop.xsd">
				
	<!-- PropertyPlaceholderConfigurer 로 로드된 resource 는 ${  } 로 접근 가능 -->
	<bean	id="propertyConfigurer" class="org.springframework.beans.factory.config.PropertyPlaceholderConfigurer">
		<property name="location" value="classpath:config/jdbc.properties" />
	</bean>

	<!-- DBCP (Apache Commons Database Connection) 사용 -->
	<bean id="dataSource" class="org.apache.commons.dbcp.BasicDataSource" >
		<property name="driverClassName" value="${jdbc.driverClassName}" />
		<property name="url" value="${jdbc.url}" />
		<property name="username" value="${jdbc.username}"/>
		<property name="password" value="${jdbc.password}"/>
		<property name="initialSize" value="${jdbc.initialSize}"/>
		<property name="maxActive" value="${jdbc.maxActive}"/>
	</bean>

	<!--ㅇ SqlSession 인스턴스를 생성하는 SqlSessionFactory 생성
		ㅇ Factory Pattern  적용 :: Spring 의 FactoryBean interface 구현 -->
	<bean id="sqlSessionFactoryBean" class="org.mybatis.spring.SqlSessionFactoryBean" >
		<property name="dataSource" ref="dataSource"/>
		<property name="configLocation" value="classpath:sql/mybatis-config.xml"/>
	</bean>
	
	<!--  ㅇ SqlSessionTeampate 인스턴스생성
		   ㅇ Spring 과 연동시 사용하는 핵심 SqlSession 구현체
		   ㅇ Spring 에서 제공한는 Transaction 처리에 구조화된 SqlSession 구현체	 -->
	<bean id="sqlSessionTemplate" class="org.mybatis.spring.SqlSessionTemplate" >		
		<constructor-arg ref="sqlSessionFactoryBean"/>
	</bean>
	
	<!-- 	ㅇ 어노테이션 기반 :: Spring Framework 사용.-->
	<context:component-scan base-package="com.model2.mvc.service"/>

	<bean id="pojoAspect" class="com.model2.mvc.common.advice.PojoAspectJ"/>
	
	<aop:config>
		<aop:aspect ref="pojoAspect">
			<aop:pointcut expression="execution(* *.getMessage(..))" id="work"/>
			<aop:before
				 pointcut-ref="work" method="before"/>
			<aop:after-returning
				 pointcut-ref="work" method="afterReturning" returning="returnValue"/>
			<aop:around
				 pointcut-ref="work" method="invoke"/>
			<aop:after-throwing
				 pointcut-ref="work" method="afterThrowing" throwing="throwable"/>
		</aop:aspect>
	</aop:config>
</beans>