<?xml version="1.0" encoding="UTF-8" ?>

<!DOCTYPE mapper
		PUBLIC "-//mybatis.org//DTD Mapper 3.0//EN"
		"http://mybatis.org/dtd/mybatis-3-mapper.dtd">

<mapper namespace="UserMapper">
 	
	<resultMap id="userSelectMap" type="user">
		<result property="userId" 		column="user_id" 		jdbcType="VARCHAR"/>
		<result property="userName"		column="user_name" 		jdbcType="VARCHAR" />
		<result property="password" 	column="password" 		jdbcType="VARCHAR" />
		<result property="role" 		column="role" 			jdbcType="VARCHAR" />
		<result property="ssn" 			column="ssn" 			jdbcType="VARCHAR" />
		<result property="phone" 		column="cell_phone" 	jdbcType="VARCHAR" />
		<result property="addr" 		column="addr" 			jdbcType="VARCHAR" />
		<result property="email" 		column="email" 			jdbcType="VARCHAR"  />
		<result property="regDate" 		column="reg_date" 		jdbcType="DATE" />
	</resultMap>
 	<!-- resultMap - select 된 결과를 받아올때 그 값들을 user객체와 각각의 컬럼명으로 대입시켜서 생성 -->
	
	<!-- SQL : INSERT -->
	<insert 	id="addUser"		parameterType="user" >
	 	INSERT
		INTO users( user_id , user_name , password , role , ssn, cell_phone, addr, email , reg_date) 
		VALUES	 (	#{userId} , #{userName} , #{password} , 'user' , #{ssn:VARCHAR} , 
							#{phone:VARCHAR} , #{addr:VARCHAR} , #{email:VARCHAR} , SYSDATE )
	 </insert><!-- user객체를 통해 넘겨준 값들중 Null이 존재하는 경우 해당값의 datatype을 선언해주어야 null처리가 가능해짐 , #{addr:VARCHAR}-->
	 
	 <!-- SQL : SELECT ONE -->
	 <select 	id="getUser"	parameterType="string"	resultMap="userSelectMap"><!-- 반환된 결과를 담아줄 resultMap을 설정 -->
		SELECT
		user_id , user_name , password , role ,  cell_phone ,  addr , email , reg_date 		
		FROM users 
		WHERE user_id = #{value}
	 </select>
	 
	 <!-- SQL : UPDATE -->
	 <update	id="updateUser"	parameterType="user" >
	   	UPDATE users
	   	<set>
	   		user_name = #{userName},
			cell_phone = #{phone},
			addr = #{addr},
			email = #{email}
	   	</set>
	   	WHERE user_id = #{userId}
	 </update>
		 
	<!-- SQL : SELECT LIST -->
	<select  id="getUserList"  parameterType="search"	resultMap="userSelectMap">
	  	SELECT *
	  	FROM (	SELECT inner_table.* , ROWNUM AS row_seq
	  					FROM		(	SELECT user_id , user_name , email
											FROM users
											<if test="searchCondition != null">
												<where>
													<if test="searchCondition == 0 and searchKeyword !='' ">
										 				user_id = #{searchKeyword}
													</if>
													<if test="searchCondition == 1 and searchKeyword !='' ">
										 				user_name = #{searchKeyword}
													</if>
												</where>
											</if>
											ORDER BY user_id ) inner_table
						WHERE ROWNUM &lt;= #{endRowNum} )
		WHERE row_seq BETWEEN #{startRowNum} AND #{endRowNum} 
	 </select>
	 	<!--  위 두번째 subQuery 의  
	 			WHERE ROWNUM &lt;= #{endRowNum} ) 는
	 			WHERE ROWNUM <= #{endRowNum} ) 의미이며..
	 			< 는 keyword 로 &lt; 를	사용.
	 			
	 			<![CDATA[  ~~~  ]]> 를 이용하여 아래와 같이 사용  할 수 있다.
	 			CDATA ==> Character Data 의 의미 Java 에서 \n 같은 특수문자 처리  

				WHERE ROWNUM <![CDATA[ <=]]> #{endRowNum} )
		-->
	
	<!-- SQL : SELECT ROW Count -->	 
	 <select  id="getTotalCount"  parameterType="search"	 resultType="int">
	  	SELECT COUNT(*)
	  	FROM(	SELECT user_id , user_name , email
						FROM users
						<if test="searchCondition != null">
							<where>
								<if test="searchCondition == 0 and searchKeyword !='' ">
						 			user_id = #{searchKeyword}
								</if>
								<if test="searchCondition == 1 and searchKeyword !='' ">
						 		user_name = #{searchKeyword}
								</if>
							</where>
						</if> ) countTable						
	 </select>
	 
</mapper>